{"accuracy": [0.6051212549209595], "loss": [1.3409571647644043], "val_accuracy": [0.8147051930427551], "val_loss": [0.5852625966072083]}